Chromosome	Start	End	Copy Number	Type	Mosaic Percentage
1	700001	121500000	1.997229332	No Change	nan
1	142400001	249300000	2.013492363	No Change	nan
2	1	92400000	1.963190265	No Change	nan
2	95300001	243100000	1.954636043	No Change	nan
3	100001	90600000	2.030450702	No Change	nan
3	93400001	197900000	2.059222896	No Change	nan
4	1	49700000	0.9576032807	Loss	aneuploidy
4	52500001	190900000	0.9554153759	Loss	aneuploidy
5	1	46400000	1.953552463	No Change	nan
5	49300001	180700000	1.946523821	No Change	nan
6	200001	58800000	1.908977369	No Change	nan
6	61700001	171000000	1.903164149	No Change	nan
7	1	58100000	2.014050699	No Change	nan
7	60900001	159100000	2.013352803	No Change	nan
8	100001	43900000	2.031295318	No Change	nan
8	46700001	146300000	1.992528003	No Change	nan
9	200001	39200000	1.832483236	No Change	nan
9	44100001	44900000	1.946119095	No Change	nan
9	66300001	141000000	1.909639085	No Change	nan
10	200001	39200000	2.076854288	No Change	nan
10	42200001	135400000	2.057082992	No Change	nan
11	100001	51600000	1.850737135	No Change	nan
11	54700001	134900000	1.933480213	No Change	nan
12	100001	34900000	2.063366359	No Change	nan
12	37800001	133800000	2.019782577	No Change	nan
13	19200001	115100000	1.966458854	No Change	nan
14	19000001	107300000	2.98100749	Gain	aneuploidy
15	20000001	102400000	2.028200108	No Change	nan
16	1	35300000	1.97273887	No Change	nan
16	46300001	90100000	1.981372316	No Change	nan
17	1	22300000	2.077430194	No Change	nan
17	25200001	81100000	2.024127264	No Change	nan
18	1	15500000	2.147264629	No Change	nan
18	18400001	78100000	1.966049983	No Change	nan
19	300001	24600000	2.045424095	No Change	nan
19	27600001	59100000	1.986184991	No Change	nan
20	1	26400000	1.997921639	No Change	nan
20	29400001	62900000	1.983021061	No Change	nan
21	9800001	11200000	2.057796046	No Change	nan
21	14200001	48100000	2.063366359	No Change	nan
22	16500001	51200000	2.0484036	No Change	nan
X	200001	58600000	1.944501031	No Change	nan
X	61500001	155300000	1.920257787	No Change	nan
Y	2600001	10100000	1.829056955	No Change	nan
Y	13000001	24500000	2.058081337	No Change	nan
Y	28400001	28900000	1.548208742	Loss	50%
Y	58800001	59100000	1.735799123	No Change	30%