Chromosome	Start	End	Copy Number	Type	Mosaic Percentage
1	700001	121500000	2.062079565	No Change	nan
1	142400001	249300000	2.004718959	No Change	nan
2	1	92400000	1.968777397	No Change	nan
2	95300001	243100000	2.001941754	No Change	nan
3	100001	90600000	1.981509659	No Change	nan
3	93400001	197900000	1.967822372	No Change	nan
4	1	49700000	1.945714453	No Change	nan
4	52500001	190900000	1.908712747	No Change	nan
5	1	46400000	1.929196369	No Change	nan
5	49300001	180700000	1.937102104	No Change	nan
6	200001	58800000	1.980823039	No Change	nan
6	61700001	171000000	1.904087794	No Change	nan
7	1	58100000	1.983570947	No Change	nan
7	60900001	159100000	1.953010898	No Change	nan
8	100001	43900000	1.935491538	No Change	nan
8	46700001	146300000	1.923588225	No Change	nan
9	200001	39200000	1.904615792	No Change	nan
9	44100001	44900000	1.74956953	No Change	30%
9	66300001	141000000	1.933882311	No Change	nan
10	200001	39200000	1.919991601	No Change	nan
10	42200001	135400000	2.001664245	No Change	nan
11	100001	51600000	2.025811586	No Change	nan
11	54700001	134900000	1.988526792	No Change	nan
12	100001	34900000	1.923721562	No Change	nan
12	37800001	133800000	1.919060241	No Change	nan
13	19200001	115100000	1.801127111	No Change	nan
14	19000001	107300000	1.966731482	No Change	nan
15	20000001	102400000	2.008335086	No Change	nan
16	1	35300000	1.932274421	No Change	nan
16	46300001	90100000	1.941403503	No Change	nan
17	1	22300000	2.049397733	No Change	nan
17	25200001	81100000	2.031717758	No Change	nan
18	1	15500000	1.973012368	No Change	nan
18	18400001	78100000	1.871636151	No Change	nan
19	300001	24600000	2.01586636	No Change	nan
19	27600001	59100000	2.036229254	No Change	nan
20	1	26400000	1.992804245	No Change	nan
20	29400001	62900000	1.994739013	No Change	nan
21	9800001	11200000	1.499623148	Loss	50%
21	14200001	48100000	1.937504955	No Change	nan
22	16500001	51200000	1.021507644	Loss	aneuploidy
X	200001	2700000	0.9009381671	Loss	aneuploidy
X	2700001	58600000	1.924788596	No Change	nan
X	61500001	154500000	1.854075509	No Change	nan
X	154500001	155300000	0.9455331864	Loss	aneuploidy
Y	3500001	7800000	0.3141226765	Loss	aneuploidy
Y	9800001	10100000	0.3855527064	Loss	aneuploidy
Y	13000001	13900000	0.5540929822	Loss	aneuploidy
Y	14500001	17400000	0.107782884	Loss	aneuploidy
Y	21000001	21800000	0.122461486	Loss	aneuploidy
Y	23800001	24000000	0.0838352042	Loss	aneuploidy
Y	28600001	28900000	0.2401653624	Loss	aneuploidy
Y	58800001	59100000	0.6663721445	Loss	aneuploidy