Chromosome	Start	End	Copy Number	Type	Mosaic Percentage
1	700001	121500000	1.980685744	No Change	nan
1	142400001	249300000	1.958840595	No Change	nan
2	1	92400000	2.011121161	No Change	nan
2	95300001	243100000	1.971235305	No Change	nan
3	100001	90600000	1.963734652	No Change	nan
3	93400001	197900000	1.946119095	No Change	nan
4	1	49700000	1.983433461	No Change	nan
4	52500001	190900000	1.934150422	No Change	nan
5	1	46400000	1.995292149	No Change	nan
5	49300001	180700000	1.988664631	No Change	nan
6	200001	58800000	1.952334154	No Change	nan
6	61700001	171000000	1.867101037	No Change	nan
7	1	58100000	1.966458854	No Change	nan
7	60900001	159100000	2.011678839	No Change	nan
8	100001	43900000	2.037499916	No Change	nan
8	46700001	146300000	1.962782073	No Change	nan
9	200001	39200000	1.976845333	No Change	nan
9	44100001	44900000	1.975475563	No Change	nan
9	66300001	141000000	1.983845948	No Change	nan
10	200001	39200000	1.994047809	No Change	nan
10	42200001	135400000	2.019922583	No Change	nan
11	100001	51600000	1.979587723	No Change	nan
11	54700001	134900000	1.987424424	No Change	nan
12	100001	34900000	2.008891992	No Change	nan
12	37800001	133800000	1.95125185	No Change	nan
13	19200001	115100000	2.000554595	No Change	nan
14	19000001	107300000	1.982608746	No Change	nan
15	20000001	102400000	1.999306973	No Change	nan
16	1	35300000	1.014662547	Loss	aneuploidy
16	46300001	90100000	0.9538273128	Loss	aneuploidy
17	1	22300000	1.976982362	No Change	nan
17	25200001	81100000	1.986047324	No Change	nan
18	1	15500000	2.051671849	No Change	nan
18	18400001	78100000	1.955313586	No Change	nan
19	300001	24600000	2.02791896	No Change	nan
19	27600001	59100000	1.983021061	No Change	nan
20	1	26400000	2.035241509	No Change	nan
20	29400001	62900000	1.962373967	No Change	nan
21	9800001	11200000	2.118143012	No Change	nan
21	14200001	48100000	2.025109615	No Change	nan
22	16500001	51200000	2.04755187	No Change	nan
X	200001	58600000	0.8941569545	Loss	aneuploidy
X	61500001	155300000	0.9319987984	Loss	aneuploidy
Y	2600001	10100000	0.3208564744	Loss	aneuploidy
Y	13000001	15900000	0.2609237187	Loss	aneuploidy
Y	18600001	23200000	0.1149995404	Loss	aneuploidy
Y	28400001	28900000	0.2545286567	Loss	aneuploidy
Y	58800001	59100000	0.8019031997	Loss	aneuploidy